sample,period_us,high_us,freq_hz,duty_pct
1,991703,495852,1.008,50.0
2,991733,495847,1.008,50.0
3,991706,495853,1.008,50.0
4,991720,495818,1.008,50.0
5,991671,495853,1.008,50.0
6,991723,495857,1.008,50.0
7,991738,495817,1.008,49.99
8,991656,495840,1.008,50.0
9,991624,495797,1.008,50.0
10,991604,495817,1.008,50.0
11,991627,495783,1.008,50.0
12,991689,495828,1.008,50.0
13,991654,495814,1.008,50.0
14,991637,495814,1.008,50.0
15,991638,495801,1.008,50.0
16,991666,495823,1.008,50.0
17,991594,495792,1.008,50.0
18,991629,495819,1.008,50.0
19,991605,495812,1.008,50.0
20,991597,495772,1.008,50.0
21,991600,495770,1.008,50.0
22,991572,495776,1.008,50.0
23,991572,495765,1.008,50.0
24,991602,495816,1.008,50.0
25,991596,495776,1.008,50.0
26,991588,495777,1.008,50.0
27,991603,495796,1.008,50.0
28,991508,495771,1.009,50.0
29,991525,495737,1.009,50.0
30,991493,495739,1.009,50.0
31,991510,495737,1.009,50.0
32,991561,495757,1.009,50.0
33,991569,495793,1.009,50.0
34,991561,495774,1.009,50.0
35,991579,495803,1.008,50.0
36,991507,495729,1.009,50.0
37,991560,495782,1.009,50.0
38,991540,495765,1.009,50.0
39,991526,495750,1.009,50.0
40,991519,495750,1.009,50.0
41,991553,495786,1.009,50.0
42,991484,495717,1.009,50.0
43,991506,495742,1.009,50.0
44,991482,495730,1.009,50.0
45,991527,495741,1.009,50.0
46,991547,495798,1.009,50.0
47,991538,495740,1.009,50.0
48,991547,495781,1.009,50.0
49,991553,495721,1.009,49.99
50,991463,495708,1.009,50.0
51,991486,495746,1.009,50.0
52,991519,495759,1.009,50.0
53,991539,495763,1.009,50.0
54,991547,495757,1.009,50.0
55,991509,495701,1.009,49.99
56,991440,495704,1.009,50.0
57,991290,495656,1.009,50.0
58,991283,495638,1.009,50.0
59,991238,495604,1.009,50.0
60,991277,495608,1.009,50.0
61,991321,495659,1.009,50.0
62,991287,495631,1.009,50.0
63,991331,495647,1.009,50.0
64,991362,495680,1.009,50.0
65,991259,495640,1.009,50.0
66,991255,495576,1.009,49.99
67,991263,495631,1.009,50.0
68,991291,495625,1.009,50.0
69,991269,495612,1.009,50.0
70,991229,495591,1.009,50.0
71,991232,495617,1.009,50.0
72,991259,495647,1.009,50.0
73,991233,495601,1.009,50.0
74,991301,495624,1.009,50.0
75,991217,495596,1.009,50.0
76,991180,495586,1.009,50.0
77,991158,495568,1.009,50.0
78,991218,495613,1.009,50.0
79,991198,495595,1.009,50.0
80,991179,495632,1.009,50.0
81,991313,495671,1.009,50.0
82,991342,495612,1.009,49.99
83,991264,495616,1.009,50.0
84,991284,495616,1.009,50.0
85,991243,495544,1.009,49.99
86,991139,495595,1.009,50.0
87,991241,495627,1.009,50.0
88,991296,495626,1.009,50.0
89,991260,495634,1.009,50.0
90,991317,495660,1.009,50.0
91,991320,495651,1.009,50.0
92,991318,495652,1.009,50.0
93,991325,495629,1.009,50.0
94,991285,495670,1.009,50.0
95,991309,495626,1.009,50.0
96,991261,495623,1.009,50.0
97,991278,495618,1.009,50.0
98,991237,495629,1.009,50.0
99,991289,495642,1.009,50.0
100,991294,495664,1.009,50.0
101,991398,495731,1.009,50.0
102,991460,495713,1.009,50.0
103,991480,495756,1.009,50.0
104,991527,495691,1.009,49.99
105,991410,495713,1.009,50.0
106,991459,495715,1.009,50.0
107,991475,495723,1.009,50.0
108,991456,495687,1.009,50.0
109,991451,495732,1.009,50.0
110,991449,495720,1.009,50.0
111,991436,495679,1.009,50.0
112,991414,495658,1.009,50.0
113,991339,495654,1.009,50.0
114,991330,495677,1.009,50.0
115,991358,495702,1.009,50.0
116,991416,495698,1.009,50.0
117,991371,495654,1.009,50.0
118,991362,495682,1.009,50.0
119,991350,495678,1.009,50.0
120,991333,495644,1.009,50.0
121,991326,495654,1.009,50.0
122,991364,495679,1.009,50.0
123,991371,495668,1.009,50.0
124,991326,495663,1.009,50.0
125,991361,495666,1.009,50.0
126,991470,495719,1.009,50.0
127,991427,495715,1.009,50.0
128,991430,495679,1.009,50.0
129,991399,495688,1.009,50.0
130,991418,495713,1.009,50.0
131,991442,495696,1.009,50.0
132,991428,495719,1.009,50.0
133,991391,495704,1.009,50.0
134,991445,495691,1.009,50.0
135,991421,495712,1.009,50.0
136,991433,495715,1.009,50.0
137,991417,495696,1.009,50.0
138,991460,495719,1.009,50.0
139,991432,495706,1.009,50.0
140,991345,495683,1.009,50.0
141,991397,495662,1.009,50.0
